configuration,surface,coils_per_half_period,total_coils,surface_runtime_s,current_solve_runtime_s,sheet_f_B_T2_m2,sheet_max_abs_Bn_over_B,sheet_Kmax_A_per_m,filament_f_B_T2_m2,filament_max_abs_Bn_over_B,mean_coil_length_m,mean_curvature2_per_m2,maximum_curvature_per_m
QA,normal offset,3,12,0.0,1.1601564169977792,0.0003746241605434201,0.00041886692375040516,8922822.045196146,410.0907021395155,0.2851675256968884,24.164102733958682,0.1036377023380899,0.622235194948279
QA,normal offset,4,16,0.0,1.1601564169977792,0.0003746241605434201,0.00041886692375040516,8922822.045196146,145.32607772611993,0.18344871638657917,24.164310873659737,0.10218161058554721,0.5863029993143495
QA,normal offset,5,20,0.0,1.1601564169977792,0.0003746241605434201,0.00041886692375040516,8922822.045196146,49.78991229101871,0.11055919336788578,24.164324019559032,0.10326307145368199,0.5877723044545383
QA,normal offset,6,24,0.0,1.1601564169977792,0.0003746241605434201,0.00041886692375040516,8922822.045196146,16.848001004354764,0.06878570095190727,24.164608972286402,0.10726272995459459,0.656905639352252
QA,normal offset,7,28,0.0,1.1601564169977792,0.0003746241605434201,0.00041886692375040516,8922822.045196146,5.720315159654739,0.04585619827658926,24.164482904162078,0.10356846883427988,0.5877723044545383
QA,normal offset,8,32,0.0,1.1601564169977792,0.0003746241605434201,0.00041886692375040516,8922822.045196146,1.940181438862695,0.028216153879921553,24.1645259209384,0.10145095385263217,0.5831126005715129
QA,normal offset,9,36,0.0,1.1601564169977792,0.0003746241605434201,0.00041886692375040516,8922822.045196146,0.6657959529828401,0.01754774502357286,24.164460923628255,0.10398155122438064,0.7023968245523887
QA,normal offset,10,40,0.0,1.1601564169977792,0.0003746241605434201,0.00041886692375040516,8922822.045196146,0.23164221033321838,0.010483709194906973,24.164575579575803,0.1138850588350548,14.036074866171894
QA,ESSOS entropy,3,12,0.8160342500050319,0.8850406659767032,0.0006768967990574109,0.000577740159573387,9432022.721824042,412.45771920639714,0.2784818350176433,24.127301424456704,0.10787620208490854,0.6021186962639783
QA,ESSOS entropy,4,16,0.8160342500050319,0.8850406659767032,0.0006768967990574109,0.000577740159573387,9432022.721824042,146.3843650840088,0.1746161412262359,24.124820068521494,0.10737850451643563,0.6919094103844187
QA,ESSOS entropy,5,20,0.8160342500050319,0.8850406659767032,0.0006768967990574109,0.000577740159573387,9432022.721824042,49.885003672024354,0.10946413122400316,24.125343428852165,0.10896689171556218,0.6424242805914637
QA,ESSOS entropy,6,24,0.8160342500050319,0.8850406659767032,0.0006768967990574109,0.000577740159573387,9432022.721824042,16.728486529233493,0.06607794017477943,24.12527381593063,0.10611450963684055,0.6138742984975921
QA,ESSOS entropy,7,28,0.8160342500050319,0.8850406659767032,0.0006768967990574109,0.000577740159573387,9432022.721824042,5.603954472427338,0.04197550174537513,24.125463325457932,0.11057824125647561,4.6886184830651825
QA,ESSOS entropy,8,32,0.8160342500050319,0.8850406659767032,0.0006768967990574109,0.000577740159573387,9432022.721824042,1.873374618768804,0.025468540901435594,24.125236335673918,0.10837238318252612,0.6434543162431992
QA,ESSOS entropy,9,36,0.8160342500050319,0.8850406659767032,0.0006768967990574109,0.000577740159573387,9432022.721824042,0.6356889181049137,0.015755876887258106,24.125253932493624,0.10736827561146883,0.653723541619385
QA,ESSOS entropy,10,40,0.8160342500050319,0.8850406659767032,0.0006768967990574109,0.000577740159573387,9432022.721824042,0.21404908130702924,0.009454226582789538,24.125373424780985,0.10758123775110522,0.8759939713283404
QA,finite-coil SVD,3,12,1.0457897079759277,1.1013689580140635,0.0006260670543623676,0.0005125960232637976,8496697.60708644,375.67567887801124,0.2643280486252354,24.313000920004324,0.10239702347436207,0.5667282063721635
QA,finite-coil SVD,4,16,1.0457897079759277,1.1013689580140635,0.0006260670543623676,0.0005125960232637976,8496697.60708644,130.65824484139623,0.16692034093808983,24.313690310480396,0.10562449079374336,0.5936644059070809
QA,finite-coil SVD,5,20,1.0457897079759277,1.1013689580140635,0.0006260670543623676,0.0005125960232637976,8496697.60708644,43.53384518950744,0.09867812223317227,24.31374232930354,0.10511960008497012,0.5915111664608668
QA,finite-coil SVD,6,24,1.0457897079759277,1.1013689580140635,0.0006260670543623676,0.0005125960232637976,8496697.60708644,14.243844450146039,0.06301719626253276,24.313720927282464,0.10345542968199606,0.6263301359320257
QA,finite-coil SVD,7,28,1.0457897079759277,1.1013689580140635,0.0006260670543623676,0.0005125960232637976,8496697.60708644,4.648149775216805,0.03817309256405817,24.31371230853319,0.10424660868313287,0.5757894057230456
QA,finite-coil SVD,8,32,1.0457897079759277,1.1013689580140635,0.0006260670543623676,0.0005125960232637976,8496697.60708644,1.512719881376269,0.023516687752635133,24.313779187534045,0.1055144981858187,1.3738902140231046
QA,finite-coil SVD,9,36,1.0457897079759277,1.1013689580140635,0.0006260670543623676,0.0005125960232637976,8496697.60708644,0.4981370986093372,0.014038160945959426,24.31371664969685,0.10302887031009615,0.6367261074454208
QA,finite-coil SVD,10,40,1.0457897079759277,1.1013689580140635,0.0006260670543623676,0.0005125960232637976,8496697.60708644,0.1647803649609579,0.008767955257998625,24.31365417846397,0.10262648533393381,1.4219540117543648
QH,normal offset,3,24,0.0,0.9020100840134546,25.199291771057762,0.06434329535552157,10000000.000000427,327.8358902269953,0.22543648764245483,22.442279578303857,0.10747988271747115,0.9073146744307697
QH,normal offset,4,32,0.0,0.9020100840134546,25.199291771057762,0.06434329535552157,10000000.000000427,113.38726837520767,0.1334062152927558,22.442387051976688,0.11070315622501062,0.8732035792229319
QH,normal offset,5,40,0.0,0.9020100840134546,25.199291771057762,0.06434329535552157,10000000.000000427,50.89399927716976,0.08304207304680834,22.442747202586474,0.10707693697400308,0.831462985874731
QH,normal offset,6,48,0.0,0.9020100840134546,25.199291771057762,0.06434329535552157,10000000.000000427,32.85057516368753,0.06608122010593417,22.44305817988345,0.10999412759213674,7.1251040297375
QH,normal offset,7,56,0.0,0.9020100840134546,25.199291771057762,0.06434329535552157,10000000.000000427,27.61687044410609,0.06409252126257649,22.443416229342972,0.11017543579513557,0.8214476692606919
QH,normal offset,8,64,0.0,0.9020100840134546,25.199291771057762,0.06434329535552157,10000000.000000427,26.07451838083322,0.06446645898190774,22.443482319879266,0.11097472892484724,0.8647632416365972
QH,normal offset,9,72,0.0,0.9020100840134546,25.199291771057762,0.06434329535552157,10000000.000000427,25.610418392141796,0.06467666344725968,22.443609149453177,0.11009800730955639,0.9073146744307697
QH,normal offset,10,80,0.0,0.9020100840134546,25.199291771057762,0.06434329535552157,10000000.000000427,25.47316946727144,0.06457267775618716,22.443477822324287,0.10810078159533221,0.8291375600888189
QH,ESSOS entropy,3,24,1.102506708004512,1.1384975829860196,17.48170084681255,0.05280969292610124,9999999.999999756,317.82988685381594,0.20541815854209658,22.31529911923981,0.11842789184897666,0.8335757474866098
QH,ESSOS entropy,4,32,1.102506708004512,1.1384975829860196,17.48170084681255,0.05280969292610124,9999999.999999756,102.42278677088493,0.11621282679296172,22.320274660521104,0.11695741999797878,0.8200118421608481
QH,ESSOS entropy,5,40,1.102506708004512,1.1384975829860196,17.48170084681255,0.05280969292610124,9999999.999999756,41.03461658627451,0.06631629467162972,22.32196537600694,0.11447340362089475,0.8032382825580968
QH,ESSOS entropy,6,48,1.102506708004512,1.1384975829860196,17.48170084681255,0.05280969292610124,9999999.999999756,24.07121645274156,0.05530374055733462,22.3226829737916,0.11578612070876025,0.8992024392807116
QH,ESSOS entropy,7,56,1.102506708004512,1.1384975829860196,17.48170084681255,0.05280969292610124,9999999.999999756,19.426777129155944,0.052994616109559266,22.322894854470565,0.11458105200561512,0.8512723602171993
QH,ESSOS entropy,8,64,1.102506708004512,1.1384975829860196,17.48170084681255,0.05280969292610124,9999999.999999756,18.14534990233704,0.05341193236939249,22.323177250202896,0.11598867876092589,0.824694810308496
QH,ESSOS entropy,9,72,1.102506708004512,1.1384975829860196,17.48170084681255,0.05280969292610124,9999999.999999756,17.790862348427172,0.053097489883918186,22.32332038083132,0.11846200042635344,0.8459878110745018
QH,ESSOS entropy,10,80,1.102506708004512,1.1384975829860196,17.48170084681255,0.05280969292610124,9999999.999999756,17.68702721161682,0.05297641639720442,22.322989803639942,0.11432647333970843,0.948653184623728
QH,finite-coil SVD,3,24,21.52494629099965,1.010058082989417,6.7794927139550865,0.035122794706840176,9999999.999995505,296.9152265608717,0.20403439486323663,22.45136721926229,0.11299921892651611,0.9630690115173952
QH,finite-coil SVD,4,32,21.52494629099965,1.010058082989417,6.7794927139550865,0.035122794706840176,9999999.999995505,88.27209389325483,0.11472724310850106,22.449487844602235,0.11159806810152545,0.966394402215129
QH,finite-coil SVD,5,40,21.52494629099965,1.010058082989417,6.7794927139550865,0.035122794706840176,9999999.999995505,29.173753392737506,0.0654325815095314,22.449605043833877,0.11468522048778158,1.0188733756111352
QH,finite-coil SVD,6,48,21.52494629099965,1.010058082989417,6.7794927139550865,0.035122794706840176,9999999.999995505,12.960787787318406,0.04002932910417722,22.44969490099685,0.11395654323130712,0.8899947299067457
QH,finite-coil SVD,7,56,21.52494629099965,1.010058082989417,6.7794927139550865,0.035122794706840176,9999999.999995505,8.537312399833784,0.03607108986124661,22.449842843972508,0.11656551920472166,3.434688502266951
QH,finite-coil SVD,8,64,21.52494629099965,1.010058082989417,6.7794927139550865,0.035122794706840176,9999999.999995505,7.331842175500543,0.03531411038212693,22.449788849039784,0.1140379744951481,1.0695427953112004
QH,finite-coil SVD,9,72,21.52494629099965,1.010058082989417,6.7794927139550865,0.035122794706840176,9999999.999995505,7.000264746336006,0.035173615753865115,22.450027172284464,0.11703815733639772,1.931215980754641
QH,finite-coil SVD,10,80,21.52494629099965,1.010058082989417,6.7794927139550865,0.035122794706840176,9999999.999995505,6.906880327162913,0.035127854463747034,22.449853650085522,0.11232223147637357,0.8899947299067457
W7-X,normal offset,3,30,0.0,1.0557065420143772,5.895291281450133,0.2595749630943576,10000000.0,8.860327910674474,0.32823389213873855,7.279506192529351,5.308077294600509,55.43281531787525
W7-X,normal offset,4,40,0.0,1.0557065420143772,5.895291281450133,0.2595749630943576,10000000.0,6.482099138403222,0.2816206281386278,7.283122240917464,3.3820115324363025,36.45438592252844
W7-X,normal offset,5,50,0.0,1.0557065420143772,5.895291281450133,0.2595749630943576,10000000.0,5.999169919161787,0.27570691059226454,7.281162949182368,5.536546011717231,55.43281531787525
W7-X,normal offset,6,60,0.0,1.0557065420143772,5.895291281450133,0.2595749630943576,10000000.0,5.936697810400009,0.2645783353482439,7.285124088903321,3.299067613795352,34.878937773679546
W7-X,normal offset,7,70,0.0,1.0557065420143772,5.895291281450133,0.2595749630943576,10000000.0,5.9120813389232545,0.25984806566863394,7.283331671094756,4.724429173548407,55.43281531787525
W7-X,normal offset,8,80,0.0,1.0557065420143772,5.895291281450133,0.2595749630943576,10000000.0,5.908432876350661,0.258726282114892,7.282328058550857,5.090509399058177,71.88009427683532
W7-X,normal offset,9,90,0.0,1.0557065420143772,5.895291281450133,0.2595749630943576,10000000.0,5.909143902128308,0.2603939616406425,7.2822807403642145,4.425822515915252,55.43281531787525
W7-X,normal offset,10,100,0.0,1.0557065420143772,5.895291281450133,0.2595749630943576,10000000.0,5.908728560155477,0.2601985381917504,7.282372110298797,4.932937390172466,66.46274650638892
W7-X,ESSOS entropy,3,30,1.3973833749914775,1.04618458301411,9.0568368546982,0.2832006593244467,9999999.999999426,12.201913471237695,0.3704872214337178,7.209949703915327,6.797301498424868,67.34582316484612
W7-X,ESSOS entropy,4,40,1.3973833749914775,1.04618458301411,9.0568368546982,0.2832006593244467,9999999.999999426,9.678110524349085,0.30897586344598493,7.218839494003637,4.957023376889635,47.8503933233654
W7-X,ESSOS entropy,5,50,1.3973833749914775,1.04618458301411,9.0568368546982,0.2832006593244467,9999999.999999426,9.1710249053896,0.2987268815216374,7.209946509031852,7.034349913107751,71.73317498640434
W7-X,ESSOS entropy,6,60,1.3973833749914775,1.04618458301411,9.0568368546982,0.2832006593244467,9999999.999999426,9.09605666792272,0.2900733946566801,7.222019781485405,4.662547605716326,56.05666418849497
W7-X,ESSOS entropy,7,70,1.3973833749914775,1.04618458301411,9.0568368546982,0.2832006593244467,9999999.999999426,9.073401098269867,0.2835722622011172,7.216970968819617,6.298727936930263,68.44818182168802
W7-X,ESSOS entropy,8,80,1.3973833749914775,1.04618458301411,9.0568368546982,0.2832006593244467,9999999.999999426,9.071601616227998,0.2811647024664981,7.215995353312744,6.064587774618657,77.495622192415
W7-X,ESSOS entropy,9,90,1.3973833749914775,1.04618458301411,9.0568368546982,0.2832006593244467,9999999.999999426,9.072015514885159,0.2811360622105357,7.216099321898277,5.2825887326537835,67.34582316484612
W7-X,ESSOS entropy,10,100,1.3973833749914775,1.04618458301411,9.0568368546982,0.2832006593244467,9999999.999999426,9.071778483592718,0.2819286691273418,7.216253328591137,6.052329736374141,97.11649350683057
W7-X,finite-coil SVD,3,30,2.0518627499986906,1.027116459008539,1.3144444276775924,0.14161635403832687,9999999.999983603,4.3790371316359336,0.23924257931807671,7.525093371920497,2.1609568353055613,7.73910808486075
W7-X,finite-coil SVD,4,40,2.0518627499986906,1.027116459008539,1.3144444276775924,0.14161635403832687,9999999.999983603,1.9101418921580764,0.18029270913686962,7.525970729874809,2.2276486562807327,9.398040636707458
W7-X,finite-coil SVD,5,50,2.0518627499986906,1.027116459008539,1.3144444276775924,0.14161635403832687,9999999.999983603,1.4341846136787146,0.16090213121707528,7.525375539119065,2.2053687748177433,7.391972277250861
W7-X,finite-coil SVD,6,60,2.0518627499986906,1.027116459008539,1.3144444276775924,0.14161635403832687,9999999.999983603,1.3426761896548869,0.14916733015494324,7.52567023861873,2.2691178102890244,11.104085612354785
W7-X,finite-coil SVD,7,70,2.0518627499986906,1.027116459008539,1.3144444276775924,0.14161635403832687,9999999.999983603,1.3257011035378814,0.14386485460718787,7.52551246327923,2.2637054563587475,9.128255667198205
W7-X,finite-coil SVD,8,80,2.0518627499986906,1.027116459008539,1.3144444276775924,0.14161635403832687,9999999.999983603,1.322325592300879,0.1427394937189966,7.525447764644687,2.164642545290454,9.269354052419736
W7-X,finite-coil SVD,9,90,2.0518627499986906,1.027116459008539,1.3144444276775924,0.14161635403832687,9999999.999983603,1.321787345167046,0.1415724071292354,7.52550357618218,2.1990407617756964,7.73910808486075
W7-X,finite-coil SVD,10,100,2.0518627499986906,1.027116459008539,1.3144444276775924,0.14161635403832687,9999999.999983603,1.3214355555912913,0.14181436185976642,7.525560876388307,2.2474417934208533,10.831918639809206
